[{"vertexSet": [[{"pos": [7, 8], "type": "None", "sent_id": 0, "name": "adults"}], [{"pos": [3, 4], "type": "None", "sent_id": 0, "name": "fraternity"}]], "labels": [{"r": "P2", "h": 0, "t": 1, "evidence": [0]}], "title": "501", "sents": [["As", "a", "", "fraternity", "", "of", "", "adults", "", "we", "have", "a", "right", "to", "question", "the", "GM", ",", "", "and", "should", "expect", "a", "reasonable", "response", ".", ""]]}, {"vertexSet": [[{"pos": [9, 10], "type": "None", "sent_id": 0, "name": "gulls"}], [{"pos": [5, 6], "type": "None", "sent_id": 0, "name": "flight"}]], "labels": [{"r": "P2", "h": 0, "t": 1, "evidence": [0]}], "title": "502", "sents": [["It", "was", "an", "immense", "", "flight", "", "of", "", "gulls", "", ",", "", "seamews", ",", "", "and", "cormorants;", "a", "vast", "multitude", "of", "affrighted", "sea", "birds", ".", ""]]}, {"vertexSet": [[{"pos": [5, 6], "type": "None", "sent_id": 0, "name": "drawings"}], [{"pos": [10, 11], "type": "None", "sent_id": 0, "name": "landmarks"}]], "labels": [{"r": "P7", "h": 0, "t": 1, "evidence": [0]}], "title": "503", "sents": [["The", "exhibition", "comprises", "original", "", "drawings", "", "featuring", "famous", "", "landmarks", "", "between", "Plymouth", "and", "London", ".", ""]]}, {"vertexSet": [[{"pos": [9, 10], "type": "None", "sent_id": 0, "name": "program"}], [{"pos": [16, 17], "type": "None", "sent_id": 0, "name": "districts"}]], "labels": [{"r": "P5", "h": 0, "t": 1, "evidence": [0]}], "title": "504", "sents": [["The", "Water", "Information", "Program", "is", "a", "public", "information", "", "program", "", "sponsored", "by", "the", "water", "", "districts", "", ",", "", "organizations", "and", "agencies", "in", "the", "San", "Juan", "and", "Dolores", "watersheds", "of", "Southwestern", "Colorado", ".", ""]]}, {"vertexSet": [[{"pos": [20, 21], "type": "None", "sent_id": 0, "name": "performers"}], [{"pos": [15, 16], "type": "None", "sent_id": 0, "name": "troupe"}]], "labels": [{"r": "P2", "h": 0, "t": 1, "evidence": [0]}], "title": "505", "sents": [["While", "the", "job", "was", "good", ",", "", "Ahmed", "'", "s", "daily", "exposure", "to", "the", "", "troupe", "", "of", "circus", "", "performers", "", "and", "artists", "continued", "to", "pique", "his", "interest", ".", ""]]}, {"vertexSet": [[{"pos": [9, 10], "type": "None", "sent_id": 0, "name": "memory"}], [{"pos": [20, 21], "type": "None", "sent_id": 0, "name": "mouse"}]], "labels": [{"r": "P5", "h": 0, "t": 1, "evidence": [0]}], "title": "506", "sents": [["Scientists", "recently", "succeeded", "in", "wiping", "out", "a", "nasty", "", "memory", "", "from", "the", "mind", "of", "a", "genetically", "-", "engineered", "", "mouse", "", ".", ""]]}, {"vertexSet": [[{"pos": [1, 2], "type": "None", "sent_id": 0, "name": "Cigarettes"}], [{"pos": [7, 8], "type": "None", "sent_id": 0, "name": "women"}]], "labels": [{"r": "P9", "h": 0, "t": 1, "evidence": [0]}], "title": "507", "sents": [["", "Cigarettes", "", "are", "used", "by", "", "women", "", "in", "order", "to", "relax", ",", "", "to", "avoid", "gaining", "weight", ",", "", "and", "to", "appear", "attractive", ",", "", "mature", "and", "feminine", ".", ""]]}, {"vertexSet": [[{"pos": [12, 13], "type": "None", "sent_id": 0, "name": "preservatives"}], [{"pos": [28, 29], "type": "None", "sent_id": 0, "name": "itchiness"}]], "labels": [{"r": "P1", "h": 0, "t": 1, "evidence": [0]}], "title": "508", "sents": [["Many", "commercial", "soap", ",", "", "shower", "gel", "or", "cleanser", "products", "contain", "", "preservatives", "", ",", "", "colorants", "and", "chemicals", "that", "cause", "dryness", ",", "", "rashes", ",", "", "", "itchiness", "", "and", "roughness", "on", "the", "skin", ".", ""]]}, {"vertexSet": [[{"pos": [2, 5], "type": "None", "sent_id": 0, "name": "x-rays"}], [{"pos": [10, 11], "type": "None", "sent_id": 0, "name": "dentists"}]], "labels": [{"r": "P9", "h": 0, "t": 1, "evidence": [0]}], "title": "509", "sents": [["Bitewing", "", "x", "-", "rays", "", "are", "used", "by", "", "dentists", "", "in", "order", "to", "determine", "if", "any", "cavities", "exist", "within", "the", "mouth", ".", ""]]}, {"vertexSet": [[{"pos": [2, 3], "type": "None", "sent_id": 0, "name": "cricket"}], [{"pos": [13, 14], "type": "None", "sent_id": 0, "name": "business"}]], "labels": [{"r": "P4", "h": 0, "t": 1, "evidence": [0]}], "title": "510", "sents": [["English", "", "cricket", "", "has", "now", "been", "dragged", "into", "the", "whole", "revolting", "", "business", "", ".", ""]]}, {"vertexSet": [[{"pos": [2, 4], "type": "None", "sent_id": 0, "name": "space monkey"}], [{"pos": [2, 3], "type": "None", "sent_id": 0, "name": "space"}]], "labels": [{"r": "P4", "h": 0, "t": 1, "evidence": [0]}], "title": "511", "sents": [["The", "", "space", "monkey", "", "travels", "into", "", "space", "", ".", ""]]}, {"vertexSet": [[{"pos": [15, 16], "type": "None", "sent_id": 0, "name": "hounds"}], [{"pos": [11, 12], "type": "None", "sent_id": 0, "name": "pack"}]], "labels": [{"r": "P2", "h": 0, "t": 1, "evidence": [0]}], "title": "512", "sents": [["Any", "country", "gentleman", "who", "liked", "the", "sport", "kept", "a", "small", "", "pack", "", "of", "", "hounds", "", ",", "", "and", "rode", "over", "his", "own", "lands", "or", "the", "lands", "of", "such", "of", "his", "neighbours", "as", "had", "no", "similar", "establishments", "of", "their", "own", ".", ""]]}, {"vertexSet": [[{"pos": [4, 5], "type": "None", "sent_id": 0, "name": "request"}], [{"pos": [12, 13], "type": "None", "sent_id": 0, "name": "port"}]], "labels": [{"r": "P4", "h": 0, "t": 1, "evidence": [0]}], "title": "513", "sents": [["The", "plain", "HTTP", "", "request", "", "was", "sent", "to", "an", "HTTPS", "", "port", "", ".", ""]]}, {"vertexSet": [[{"pos": [21, 22], "type": "None", "sent_id": 0, "name": "quilt"}], [{"pos": [2, 3], "type": "None", "sent_id": 0, "name": "girl"}]], "labels": [{"r": "P6", "h": 0, "t": 1, "evidence": [0]}], "title": "514", "sents": [["The", "", "girl", "", ",", "", "in", "her", "first", "holiday", "season", "as", "an", "Elm", "Creek", "Quilter", ",", "", "creates", "a", "", "quilt", "", "for", "her", "best", "friend", "even", "as", "she", "begins", "to", "question", "her", "feelings", "for", "him", ".", ""]]}, {"vertexSet": [[{"pos": [3, 4], "type": "None", "sent_id": 0, "name": "box"}], [{"pos": [3, 4], "type": "None", "sent_id": 0, "name": "box"}]], "labels": [{"r": "P4", "h": 0, "t": 1, "evidence": [0]}], "title": "515", "sents": [["The", "small", "", "box", "", "was", "placed", "inside", "the", "large", "", "box", "", "and", "the", "4", "-", "inch", "of", "surrounding", "space", "filled", "with", "either", "shredded", "fabric", ",", "", "fiberglass", "insulation", "or", "no", "insulation", ".", ""]]}, {"vertexSet": [[{"pos": [11, 12], "type": "None", "sent_id": 0, "name": "pyrotechnics"}], [{"pos": [22, 23], "type": "None", "sent_id": 0, "name": "fire"}]], "labels": [{"r": "P1", "h": 0, "t": 1, "evidence": [0]}], "title": "516", "sents": [["Birchwood", "and", "Stockton", "Heath", "were", "called", "to", "the", "scene", "after", "", "pyrotechnics", "", "used", "during", "one", "of", "the", "performances", "caused", "a", "", "fire", "", "on", "the", "main", "stage", ".", ""]]}, {"vertexSet": [[{"pos": [12, 13], "type": "None", "sent_id": 0, "name": "stress"}], [{"pos": [20, 21], "type": "None", "sent_id": 0, "name": "breakouts"}]], "labels": [{"r": "P1", "h": 0, "t": 1, "evidence": [0]}], "title": "517", "sents": [["Like", "a", "catch", "-", "22", "the", "worst", "part", "is", "that", "acne", "causes", "stress", "and", "", "stress", "", "triggers", "acne", "", "breakouts", "", ".", ""]]}, {"vertexSet": [[{"pos": [17, 18], "type": "None", "sent_id": 0, "name": "flood"}], [{"pos": [8, 9], "type": "None", "sent_id": 0, "name": "crisis"}]], "labels": [{"r": "P1", "h": 0, "t": 1, "evidence": [0]}], "title": "518", "sents": [["The", "US", "patent", "system", "is", "in", "a", "", "crisis", "", "that", "has", "been", "caused", "by", "the", "", "flood", "", "of", "patent", "applications", "being", "filed", "at", "the", "USPTO", "every", "year", ".", ""]]}, {"vertexSet": [[{"pos": [15, 16], "type": "None", "sent_id": 0, "name": "drug"}], [{"pos": [10, 11], "type": "None", "sent_id": 0, "name": "manufacturer"}]], "labels": [{"r": "P6", "h": 0, "t": 1, "evidence": [0]}], "title": "519", "sents": [["And", "in", "every", "single", "trial", ",", "", "the", "sponsoring", "", "manufacturer", "", "'", "s", "", "drug", "", "came", "out", "as", "better", "than", ",", "", "or", "equal", "to", ",", "", "the", "others", "in", "the", "trial", ".", ""]]}, {"vertexSet": [[{"pos": [5, 6], "type": "None", "sent_id": 0, "name": "scissors"}], [{"pos": [12, 13], "type": "None", "sent_id": 0, "name": "stylist"}]], "labels": [{"r": "P9", "h": 0, "t": 1, "evidence": [0]}], "title": "520", "sents": [["The", "size", "of", "the", "", "scissors", "", "used", "by", "a", "beginning", "", "stylist", "", "for", "learning", "to", "cut", "the", "hair", "is", "actually", "determined", "more", "by", "the", "size", "of", "his", "or", "her", "hands", ".", ""]]}, {"vertexSet": [[{"pos": [6, 7], "type": "None", "sent_id": 0, "name": "tooth"}], [{"pos": [12, 13], "type": "None", "sent_id": 0, "name": "cup"}]], "labels": [{"r": "P3", "h": 0, "t": 1, "evidence": [0]}], "title": "521", "sents": [["My", "little", "brother", "'", "s", "", "tooth", "", "was", "in", "a", "", "cup", "", "of", "water", "the", "other", "day", "and", "I", "nearly", "fainted", "when", "I", "saw", "it", ".", ""]]}, {"vertexSet": [[{"pos": [24, 25], "type": "None", "sent_id": 0, "name": "floor"}], [{"pos": [29, 30], "type": "None", "sent_id": 0, "name": "cottage"}]], "labels": [{"r": "P8", "h": 0, "t": 1, "evidence": [0]}], "title": "522", "sents": [["Located", "by", "the", "river", "at", "Circular", "Road", ",", "", "Cong", ",", "", "between", "actual", "locations", "used", "for", "the", "filming", ",", "", "the", "ground", "", "floor", "", "of", "the", "", "cottage", "", "has", "been", "designed", "as", "an", "exact", "replica", "of", "", "'", "White", "-", "o", "-", "Mornin", "'", "", "Cottage", ".", ""]]}, {"vertexSet": [[{"pos": [31, 32], "type": "None", "sent_id": 0, "name": "bees"}], [{"pos": [27, 28], "type": "None", "sent_id": 0, "name": "bike"}]], "labels": [{"r": "P2", "h": 0, "t": 1, "evidence": [0]}], "title": "523", "sents": [["Day", "after", "day", ",", "", "then", ",", "", "he", "has", "put", "himself", "into", "a", "hornets", "'", "", "nest", ",", "", "or", "what", "the", "Scottish", "call", "a", "", "bike", "", "of", "", "bees", "", ".", ""]]}, {"vertexSet": [[{"pos": [3, 4], "type": "None", "sent_id": 0, "name": "hand"}], [{"pos": [11, 12], "type": "None", "sent_id": 0, "name": "box"}]], "labels": [{"r": "P4", "h": 0, "t": 1, "evidence": [0]}], "title": "524", "sents": [["As", "his", "", "hand", "", "was", "put", "inside", "the", "glass", "", "box", "", ",", "", "he", "had", "to", "guess", "what", "creepy", "animal", "was", "inside", ".", ""]]}, {"vertexSet": [[{"pos": [6, 7], "type": "None", "sent_id": 0, "name": "plowing"}], [{"pos": [15, 16], "type": "None", "sent_id": 0, "name": "plow"}]], "labels": [{"r": "P5", "h": 0, "t": 1, "evidence": [0]}], "title": "525", "sents": [["While", "many", "farmers", "did", "their", "", "plowing", "", "the", "land", "with", "a", "single", "furrow", "", "plow", "", ",", "", "some", "large", "-", "scale", "farmers", "began", "to", "use", "a", "multiple", "share", "or", "bukker", "plow", ".", ""]]}, {"vertexSet": [[{"pos": [16, 17], "type": "None", "sent_id": 0, "name": "publication"}], [{"pos": [20, 21], "type": "None", "sent_id": 0, "name": "mail"}]], "labels": [{"r": "P5", "h": 0, "t": 1, "evidence": [0]}], "title": "526", "sents": [["Letters", "were", "be", "submitted", "by", "5", "p", ".", "m", ".", "", "on", "the", "Wednesday", "before", "", "publication", "", "by", "", "mail", "", ".", ""]]}, {"vertexSet": [[{"pos": [2, 3], "type": "None", "sent_id": 0, "name": "passport"}], [{"pos": [8, 9], "type": "None", "sent_id": 0, "name": "trunk"}]], "labels": [{"r": "P3", "h": 0, "t": 1, "evidence": [0]}], "title": "527", "sents": [["My", "", "passport", "", "was", "in", "a", "", "trunk", "", "under", "my", "bed", ".", ""]]}, {"vertexSet": [[{"pos": [18, 19], "type": "None", "sent_id": 0, "name": "viruses"}], [{"pos": [7, 8], "type": "None", "sent_id": 0, "name": "infection"}]], "labels": [{"r": "P1", "h": 0, "t": 1, "evidence": [0]}], "title": "528", "sents": [["Viral", "gastroenteritis", "is", "a", "highly", "contagious", "", "infection", "", "of", "the", "intestines", "caused", "by", "one", "of", "several", "", "viruses", "", ".", ""]]}, {"vertexSet": [[{"pos": [9, 10], "type": "None", "sent_id": 0, "name": "fish"}], [{"pos": [18, 19], "type": "None", "sent_id": 0, "name": "water"}]], "labels": [{"r": "P4", "h": 0, "t": 1, "evidence": [0]}], "title": "529", "sents": [["Recently", ",", "", "a", "huge", "amount", "of", "commercial", "", "fish", "", "and", "shellfish", "have", "migrated", "to", "cooler", "", "water", "", ".", ""]]}, {"vertexSet": [[{"pos": [6, 7], "type": "None", "sent_id": 0, "name": "victim"}], [{"pos": [11, 12], "type": "None", "sent_id": 0, "name": "water"}]], "labels": [{"r": "P4", "h": 0, "t": 1, "evidence": [0]}], "title": "530", "sents": [["The", "murder", "has", "dragged", "the", "", "victim", "", "into", "the", "", "water", "", ".", ""]]}, {"vertexSet": [[{"pos": [21, 22], "type": "None", "sent_id": 0, "name": "cellar"}], [{"pos": [26, 27], "type": "None", "sent_id": 0, "name": "dwelling"}]], "labels": [{"r": "P8", "h": 0, "t": 1, "evidence": [0]}], "title": "531", "sents": [["The", "first", "bank", "in", "Loudoun", "County", ",", "", "the", "short", "-", "lived", "Loudoun", "Company", ",", "", "held", "meetings", "in", "the", "", "cellar", "", "of", "this", "", "dwelling", "", "beginning", "around", "1815", ",", "", "hence", "the", "name", "Bank", "House", ".", ""]]}, {"vertexSet": [[{"pos": [3, 4], "type": "None", "sent_id": 0, "name": "segment"}], [{"pos": [10, 11], "type": "None", "sent_id": 0, "name": "membrane"}]], "labels": [{"r": "P5", "h": 0, "t": 1, "evidence": [0]}], "title": "532", "sents": [["The", "outer", "", "segment", "", "is", "comprised", "of", "a", "", "membrane", "", "which", "is", "folded", "into", "several", "layers", "of", "disks", ".", ""]]}, {"vertexSet": [[{"pos": [21, 22], "type": "None", "sent_id": 0, "name": "pups"}], [{"pos": [17, 18], "type": "None", "sent_id": 0, "name": "litter"}]], "labels": [{"r": "P2", "h": 0, "t": 1, "evidence": [0]}], "title": "533", "sents": [["In", "this", "section", ",", "", "we", "are", "going", "to", "follow", "SRR", "Sandy", "as", "she", "raises", "a", "", "litter", "", "of", "", "pups", "", ".", ""]]}, {"vertexSet": [[{"pos": [2, 3], "type": "None", "sent_id": 0, "name": "shed"}], [{"pos": [10, 11], "type": "None", "sent_id": 0, "name": "people"}]], "labels": [{"r": "P6", "h": 0, "t": 1, "evidence": [0]}], "title": "534", "sents": [["The", "", "shed", "", "got", "put", "up", "by", "these", "", "people", "", "who", "arrived", "and", "made", "it", ".", ""]]}, {"vertexSet": [[{"pos": [2, 3], "type": "None", "sent_id": 0, "name": "session"}], [{"pos": [7, 10], "type": "None", "sent_id": 0, "name": "inter-loans"}]], "labels": [{"r": "P7", "h": 0, "t": 1, "evidence": [0]}], "title": "535", "sents": [["The", "", "session", "", "discussed", "about", "", "inter", "-", "loans", "", "of", "performance", "sets", ".", ""]]}, {"vertexSet": [[{"pos": [3, 4], "type": "None", "sent_id": 0, "name": "drinks"}], [{"pos": [12, 13], "type": "None", "sent_id": 0, "name": "diabetes"}]], "labels": [{"r": "P1", "h": 0, "t": 1, "evidence": [0]}], "title": "536", "sents": [["Diet", "fizzy", "", "drinks", "", "and", "meat", "cause", "heart", "disease", "and", "", "diabetes", "", ".", ""]]}, {"vertexSet": [[{"pos": [11, 12], "type": "None", "sent_id": 0, "name": "loss"}], [{"pos": [6, 7], "type": "None", "sent_id": 0, "name": "grief"}]], "labels": [{"r": "P1", "h": 0, "t": 1, "evidence": [0]}], "title": "537", "sents": [["We", "explore", "the", "experience", "of", "", "grief", "", "after", "the", "", "loss", "", "of", "a", "parent", "and", "offers", "support;", "we", "also", "make", "simple", "suggestions", ",", "", "and", "we", "provide", "a", "place", "for", "sharing", "memories", ".", ""]]}, {"vertexSet": [[{"pos": [5, 6], "type": "None", "sent_id": 0, "name": "students"}], [{"pos": [12, 13], "type": "None", "sent_id": 0, "name": "schools"}]], "labels": [{"r": "P4", "h": 0, "t": 1, "evidence": [0]}], "title": "538", "sents": [["Too", "often", ",", "", "", "students", "", "were", "misplaced", "into", "alternative", "", "schools", "", ".", ""]]}, {"vertexSet": [[{"pos": [6, 7], "type": "None", "sent_id": 0, "name": "lapwings"}], [{"pos": [2, 3], "type": "None", "sent_id": 0, "name": "deceit"}]], "labels": [{"r": "P2", "h": 0, "t": 1, "evidence": [0]}], "title": "539", "sents": [["A", "", "deceit", "", "of", "", "lapwings", "", ",", "", "with", "their", "beautiful", "crests", ",", "", "made", "a", "pretty", "dish", "to", "set", "before", "the", "king", ".", ""]]}, {"vertexSet": [[{"pos": [1, 2], "type": "None", "sent_id": 0, "name": "war"}], [{"pos": [3, 4], "type": "None", "sent_id": 0, "name": "mentality"}]], "labels": [{"r": "P1", "h": 0, "t": 1, "evidence": [0]}], "title": "540", "sents": [["The", "war", "", "mentality", "", "was", "generated", "by", "the", "Iraq", "", "war", "", "in", "combination", "with", "the", "constant", "drum", "beat", "of", "fear", "at", "home", ".", ""]]}, {"vertexSet": [[{"pos": [14, 15], "type": "None", "sent_id": 0, "name": "series"}], [{"pos": [2, 3], "type": "None", "sent_id": 0, "name": "authors"}]], "labels": [{"r": "P9", "h": 0, "t": 1, "evidence": [0]}], "title": "541", "sents": [["The", "", "authors", "", "assessed", "the", "reliability", "of", "the", "basic", "diagnostic", "methods", "in", "", "series", "", "of", "181", "patients", "with", "bladder", "tumoursas", "compared", "with", "operative", "findings", ".", ""]]}, {"vertexSet": [[{"pos": [2, 3], "type": "None", "sent_id": 0, "name": "painting"}], [{"pos": [8, 9], "type": "None", "sent_id": 0, "name": "meal"}]], "labels": [{"r": "P7", "h": 0, "t": 1, "evidence": [0]}], "title": "542", "sents": [["The", "", "painting", "", "represents", "the", "last", "", "meal", "", "shared", "by", "Jesus", "with", "his", "disciples", "before", "his", "capture", "and", "death", ".", ""]]}, {"vertexSet": [[{"pos": [2, 3], "type": "None", "sent_id": 0, "name": "pillars"}], [{"pos": [7, 8], "type": "None", "sent_id": 0, "name": "bridge"}]], "labels": [{"r": "P8", "h": 0, "t": 1, "evidence": [0]}], "title": "543", "sents": [["Two", "", "pillars", "", "of", "a", "", "bridge", "", "at", "Karsaz", "Road", "have", "collapsed", "today", "morning", ".", ""]]}, {"vertexSet": [[{"pos": [6, 7], "type": "None", "sent_id": 0, "name": "products"}], [{"pos": [3, 4], "type": "None", "sent_id": 0, "name": "blood"}]], "labels": [{"r": "P10", "h": 0, "t": 1, "evidence": [0]}], "title": "544", "sents": [["All", "other", "", "blood", "", "", "products", "", "are", "derived", "from", "whole", "blood", ".", ""]]}, {"vertexSet": [[{"pos": [1, 2], "type": "None", "sent_id": 0, "name": "Preeclampsia"}], [{"pos": [13, 14], "type": "None", "sent_id": 0, "name": "mortality"}]], "labels": [{"r": "P1", "h": 0, "t": 1, "evidence": [0]}], "title": "545", "sents": [["", "Preeclampsia", "", "is", "still", "one", "of", "the", "leading", "causes", "of", "maternal", "", "mortality", "", ".", ""]]}, {"vertexSet": [[{"pos": [22, 23], "type": "None", "sent_id": 0, "name": "device"}], [{"pos": [30, 31], "type": "None", "sent_id": 0, "name": "matchboxes"}]], "labels": [{"r": "P5", "h": 0, "t": 1, "evidence": [0]}], "title": "546", "sents": [["Since", "no", "computers", "were", "then", "available", "to", "him", ",", "", "he", "hand", "-", "simulated", "the", "Boxes", "algorithm", ",", "", "using", "a", "", "device", "", "made", "from", "an", "assembly", "of", "", "matchboxes", "", ".", ""]]}, {"vertexSet": [[{"pos": [2, 3], "type": "None", "sent_id": 0, "name": "running"}], [{"pos": [13, 14], "type": "None", "sent_id": 0, "name": "shoes"}]], "labels": [{"r": "P5", "h": 0, "t": 1, "evidence": [0]}], "title": "547", "sents": [["Compared", "to", "running", "barefoot", ",", "", "", "running", "", "in", "conventional", "running", "", "shoes", "", "increases", "stress", "on", "the", "knee", "joints", "up", "to", "38", "%", "", ".", ""]]}, {"vertexSet": [[{"pos": [2, 3], "type": "None", "sent_id": 0, "name": "packet"}], [{"pos": [14, 15], "type": "None", "sent_id": 0, "name": "box"}]], "labels": [{"r": "P3", "h": 0, "t": 1, "evidence": [0]}], "title": "548", "sents": [["The", "", "packet", "", "of", "corn", "tortillas", ",", "", "which", "was", "inside", "a", "", "box", "", ",", "", "said", "contains", "wheat", ".", ""]]}, {"vertexSet": [[{"pos": [16, 17], "type": "None", "sent_id": 0, "name": "call"}], [{"pos": [24, 25], "type": "None", "sent_id": 0, "name": "robbers"}]], "labels": [{"r": "P6", "h": 0, "t": 1, "evidence": [0]}], "title": "549", "sents": [["Detectives", "are", "sifting", "through", "hundreds", "of", "mobile", "telephone", "records", "in", "an", "effort", "to", "trace", "a", "", "call", "", "made", "by", "the", "Graff", "jewellery", "", "robbers", "", "as", "they", "stood", "outside", "the", "store", "two", "days", "before", "the", "successful", "heist", ".", ""]]}, {"vertexSet": [[{"pos": [8, 9], "type": "None", "sent_id": 0, "name": "sugar"}], [{"pos": [11, 12], "type": "None", "sent_id": 0, "name": "company"}]], "labels": [{"r": "P6", "h": 0, "t": 1, "evidence": [0]}], "title": "550", "sents": [["Two", "years", "ago", ",", "", "being", "a", "", "sugar", "", "", "company", "", "in", "india", "was", "a", "sweet", "proposition", ".", ""]]}, {"vertexSet": [[{"pos": [2, 3], "type": "None", "sent_id": 0, "name": "demolition"}], [{"pos": [9, 10], "type": "None", "sent_id": 0, "name": "terror"}]], "labels": [{"r": "P1", "h": 0, "t": 1, "evidence": [0]}], "title": "551", "sents": [["The", "", "demolition", "", "was", "the", "cause", "of", "", "terror", "", "and", "communal", "divide", "is", "just", "a", "way", "of", "not", "letting", "truth", "prevail", ".", ""]]}, {"vertexSet": [[{"pos": [2, 3], "type": "None", "sent_id": 0, "name": "prices"}], [{"pos": [8, 9], "type": "None", "sent_id": 0, "name": "hotel"}]], "labels": [{"r": "P4", "h": 0, "t": 1, "evidence": [0]}], "title": "552", "sents": [["Two", "", "prices", "", "arrived", "to", "the", "", "hotel", "", ".", ""]]}, {"vertexSet": [[{"pos": [6, 7], "type": "None", "sent_id": 0, "name": "tiger"}], [{"pos": [19, 20], "type": "None", "sent_id": 0, "name": "pen"}]], "labels": [{"r": "P10", "h": 0, "t": 1, "evidence": [0]}], "title": "553", "sents": [["A", "300", "-", "pound", "Siberian", "", "tiger", "", "that", "killed", "a", "visitor", "escaped", "from", "its", "high", "-", "walled", "", "pen", "", "on", "its", "own", ".", ""]]}, {"vertexSet": [[{"pos": [2, 3], "type": "None", "sent_id": 0, "name": "comb"}], [{"pos": [9, 10], "type": "None", "sent_id": 0, "name": "envelope"}]], "labels": [{"r": "P3", "h": 0, "t": 1, "evidence": [0]}], "title": "554", "sents": [["A", "", "comb", "", "was", "hidden", "in", "an", "", "envelope", "", "at", "the", "bottom", "of", "a", "paper", "folder", "stuck", "to", "the", "wall", ".", ""]]}, {"vertexSet": [[{"pos": [8, 9], "type": "None", "sent_id": 0, "name": "units"}], [{"pos": [2, 3], "type": "None", "sent_id": 0, "name": "machine"}]], "labels": [{"r": "P8", "h": 0, "t": 1, "evidence": [0]}], "title": "555", "sents": [["This", "", "machine", "", "has", "two", "heating", "", "units", "", "and", "two", "cooling", "units", ".", ""]]}, {"vertexSet": [[{"pos": [9, 10], "type": "None", "sent_id": 0, "name": "bout"}], [{"pos": [14, 15], "type": "None", "sent_id": 0, "name": "violin"}]], "labels": [{"r": "P8", "h": 0, "t": 1, "evidence": [0]}], "title": "556", "sents": [["The", "tailpiece", "anchors", "the", "strings", "to", "the", "lower", "", "bout", "", "of", "the", "", "violin", "", "by", "means", "of", "the", "tailgut", ".", ""]]}, {"vertexSet": [[{"pos": [9, 10], "type": "None", "sent_id": 0, "name": "people"}], [{"pos": [16, 17], "type": "None", "sent_id": 0, "name": "cities"}]], "labels": [{"r": "P4", "h": 0, "t": 1, "evidence": [0]}], "title": "557", "sents": [["Recently", ",", "", "in", "China", ",", "", "more", "", "people", "", "are", "moving", "into", "big", "", "cities", "", ".", ""]]}, {"vertexSet": [[{"pos": [7, 8], "type": "None", "sent_id": 0, "name": "juice"}], [{"pos": [4, 5], "type": "None", "sent_id": 0, "name": "lime"}]], "labels": [{"r": "P10", "h": 0, "t": 1, "evidence": [0]}], "title": "558", "sents": [["An", "overdose", "of", "", "lime", "", "", "juice", "", "with", "salt", "also", "acts", "as", "an", "excellent", "purgative", "without", "any", "side", "effects", ",", "", "thereby", "giving", "relief", "in", "constipation", ".", ""]]}, {"vertexSet": [[{"pos": [2, 3], "type": "None", "sent_id": 0, "name": "outbreak"}], [{"pos": [13, 14], "type": "None", "sent_id": 0, "name": "injuries"}]], "labels": [{"r": "P1", "h": 0, "t": 1, "evidence": [0]}], "title": "559", "sents": [["The", "", "outbreak", "", "resulted", "in", "256", "deaths", "and", "3", ",", "402", "", "injuries", "", ".", ""]]}, {"vertexSet": [[{"pos": [10, 11], "type": "None", "sent_id": 0, "name": "padlock"}], [{"pos": [16, 17], "type": "None", "sent_id": 0, "name": "pane"}]], "labels": [{"r": "P8", "h": 0, "t": 1, "evidence": [0]}], "title": "560", "sents": [["In", "my", "case", "the", "solution", "was", "to", "lock", "the", "", "padlock", "", "on", "the", "security", "", "pane", "", "itself", ".", ""]]}, {"vertexSet": [[{"pos": [17, 18], "type": "None", "sent_id": 0, "name": "hill"}], [{"pos": [7, 8], "type": "None", "sent_id": 0, "name": "troops"}]], "labels": [{"r": "P6", "h": 0, "t": 1, "evidence": [0]}], "title": "561", "sents": [["To", "develop", "a", "rampart", ",", "", "", "troops", "", "piled", "up", "the", "dirt", "into", "a", "small", "", "hill", "", ".", ""]]}, {"vertexSet": [[{"pos": [2, 3], "type": "None", "sent_id": 0, "name": "fridge"}], [{"pos": [8, 10], "type": "None", "sent_id": 0, "name": "mahogany case"}]], "labels": [{"r": "P3", "h": 0, "t": 1, "evidence": [0]}], "title": "562", "sents": [["The", "", "fridge", "", "was", "inside", "a", "", "mahogany", "case", "", ".", ""]]}, {"vertexSet": [[{"pos": [5, 6], "type": "None", "sent_id": 0, "name": "reader"}], [{"pos": [13, 14], "type": "None", "sent_id": 0, "name": "past"}]], "labels": [{"r": "P5", "h": 0, "t": 1, "evidence": [0]}], "title": "563", "sents": [["The", "postcard", "took", "the", "", "reader", "", "into", "the", "author", "'", "s", "", "past", "", ".", ""]]}, {"vertexSet": [[{"pos": [11, 12], "type": "None", "sent_id": 0, "name": "document"}], [{"pos": [15, 17], "type": "None", "sent_id": 0, "name": "economic policy"}]], "labels": [{"r": "P7", "h": 0, "t": 1, "evidence": [0]}], "title": "564", "sents": [["The", "White", "Paper", "Full", "Employment", "in", "Australia", "was", "the", "defining", "", "document", "", "of", "", "economic", "policy", "", "in", "Australia", "for", "the", "30", "years", "between", "1945", "and", "1975", ".", ""]]}, {"vertexSet": [[{"pos": [11, 12], "type": "None", "sent_id": 0, "name": "comradeship"}], [{"pos": [16, 17], "type": "None", "sent_id": 0, "name": "veterans"}]], "labels": [{"r": "P5", "h": 0, "t": 1, "evidence": [0]}], "title": "565", "sents": [["These", "emotionally", "wrenching", "experiences", "encouraged", "the", "volunteers", "to", "seek", "the", "", "comradeship", "", "of", "fellow", "", "veterans", "", ".", ""]]}, {"vertexSet": [[{"pos": [23, 24], "type": "None", "sent_id": 0, "name": "lobby"}], [{"pos": [28, 29], "type": "None", "sent_id": 0, "name": "building"}]], "labels": [{"r": "P8", "h": 0, "t": 1, "evidence": [0]}], "title": "566", "sents": [["Gwathmey", "famously", "prefers", "curves", "to", "angularity", "and", ",", "", "though", "these", "are", "absent", "from", "the", "facade", ",", "", "they", "recur", "in", "the", "", "lobby", "", "of", "the", "", "building", "", ",", "", "with", "rounded", "pylons", "and", "legato", "movements", "through", "space", ".", ""]]}, {"vertexSet": [[{"pos": [14, 15], "type": "None", "sent_id": 0, "name": "spoon"}], [{"pos": [2, 3], "type": "None", "sent_id": 0, "name": "priest"}]], "labels": [{"r": "P9", "h": 0, "t": 1, "evidence": [0]}], "title": "567", "sents": [["The", "", "priest", "", "mixes", "the", "Holy", "Oil", "and", "the", "wine", "with", "a", "", "spoon", "", "and", "pours", "it", "into", "small", "containers", ",", "", "as", "many", "as", "there", "be", "priests", ".", ""]]}, {"vertexSet": [[{"pos": [4, 5], "type": "None", "sent_id": 0, "name": "money"}], [{"pos": [10, 11], "type": "None", "sent_id": 0, "name": "charity"}]], "labels": [{"r": "P4", "h": 0, "t": 1, "evidence": [0]}], "title": "568", "sents": [["The", "Senator", "donated", "", "money", "", "to", "a", "local", "", "charity", "", ".", ""]]}, {"vertexSet": [[{"pos": [2, 3], "type": "None", "sent_id": 0, "name": "bag"}], [{"pos": [8, 9], "type": "None", "sent_id": 0, "name": "bin"}]], "labels": [{"r": "P3", "h": 0, "t": 1, "evidence": [0]}], "title": "569", "sents": [["This", "", "bag", "", "was", "in", "a", "", "bin", "", "with", "other", "santa", "bags", "", "(", "out", "of", "package", ")", "", ".", ""]]}, {"vertexSet": [[{"pos": [4, 5], "type": "None", "sent_id": 0, "name": "ale"}], [{"pos": [9, 10], "type": "None", "sent_id": 0, "name": "carton"}]], "labels": [{"r": "P3", "h": 0, "t": 1, "evidence": [0]}], "title": "570", "sents": [["The", "freshness", "of", "", "ale", "", "in", "a", "", "carton", "", "is", "the", "limiting", "factor", ".", ""]]}, {"vertexSet": [[{"pos": [2, 3], "type": "None", "sent_id": 0, "name": "statute"}], [{"pos": [9, 10], "type": "None", "sent_id": 0, "name": "dominions"}]], "labels": [{"r": "P7", "h": 0, "t": 1, "evidence": [0]}], "title": "571", "sents": [["The", "", "statute", "", "applied", "to", "the", "six", "", "dominions", "", "which", "existed", "in", "1931", ".", ""]]}, {"vertexSet": [[{"pos": [14, 15], "type": "None", "sent_id": 0, "name": "spring"}], [{"pos": [23, 24], "type": "None", "sent_id": 0, "name": "creek"}]], "labels": [{"r": "P5", "h": 0, "t": 1, "evidence": [0]}], "title": "572", "sents": [["Clay", "County", ",", "", "a", "small", "but", "thriving", "colony", "grows", "in", "the", "seepage", "", "spring", "", "which", "is", "the", "source", "of", "the", "", "creek", "", ".", ""]]}, {"vertexSet": [[{"pos": [4, 5], "type": "None", "sent_id": 0, "name": "devices"}], [{"pos": [12, 13], "type": "None", "sent_id": 0, "name": "issues"}]], "labels": [{"r": "P5", "h": 0, "t": 1, "evidence": [0]}], "title": "573", "sents": [["New", "portable", "electronic", "", "devices", "", "are", "running", "into", "temperature", "sensitivity", "", "issues", "", ".", ""]]}, {"vertexSet": [[{"pos": [7, 8], "type": "None", "sent_id": 0, "name": "channel"}], [{"pos": [11, 12], "type": "None", "sent_id": 0, "name": "sports"}]], "labels": [{"r": "P7", "h": 0, "t": 1, "evidence": [0]}], "title": "574", "sents": [["It", "is", "a", "cable", "television", "specialty", "", "channel", "", "showing", "", "sports", "", "and", "sport", "-", "related", "shows", ".", ""]]}, {"vertexSet": [[{"pos": [6, 7], "type": "None", "sent_id": 0, "name": "stove"}], [{"pos": [12, 13], "type": "None", "sent_id": 0, "name": "method"}]], "labels": [{"r": "P5", "h": 0, "t": 1, "evidence": [0]}], "title": "575", "sents": [["While", "melting", "butter", "on", "the", "", "stove", "", "is", "the", "preferred", "", "method", "", ",", "", "because", "it", "gives", "you", "more", "control", "over", "the", "process", ",", "", "you", "can", "also", "melt", "butter", "in", "a", "microwave", ".", ""]]}, {"vertexSet": [[{"pos": [12, 13], "type": "None", "sent_id": 0, "name": "indigestion"}], [{"pos": [8, 9], "type": "None", "sent_id": 0, "name": "pain"}]], "labels": [{"r": "P1", "h": 0, "t": 1, "evidence": [0]}], "title": "576", "sents": [["Sip", "the", "tea", "slowly", "to", "reduce", "stomach", "", "pain", "", "from", "", "indigestion", "", ",", "", "bloating", "and", "feeling", "of", "fullness", ".", ""]]}, {"vertexSet": [[{"pos": [11, 12], "type": "None", "sent_id": 0, "name": "glass"}], [{"pos": [2, 3], "type": "None", "sent_id": 0, "name": "teacher"}]], "labels": [{"r": "P9", "h": 0, "t": 1, "evidence": [0]}], "title": "577", "sents": [["The", "", "teacher", "", "covers", "the", "candle", "with", "a", "tall", "", "glass", "", ".", ""]]}, {"vertexSet": [[{"pos": [1, 2], "type": "None", "sent_id": 0, "name": "Alcohol"}], [{"pos": [13, 15], "type": "None", "sent_id": 0, "name": "child abuse"}]], "labels": [{"r": "P1", "h": 0, "t": 1, "evidence": [0]}], "title": "578", "sents": [["", "Alcohol", "", ",", "", "substance", "abuse", "and", "poverty", "all", "lead", "to", "", "child", "abuse", "", ".", ""]]}, {"vertexSet": [[{"pos": [3, 4], "type": "None", "sent_id": 0, "name": "malfunction"}], [{"pos": [8, 9], "type": "None", "sent_id": 0, "name": "rush"}]], "labels": [{"r": "P1", "h": 0, "t": 1, "evidence": [0]}], "title": "579", "sents": [["The", "ATM", "", "malfunction", "", "caused", "a", "", "rush", "", "on", "the", "ATM", "machine", "until", "the", "police", "sealed", "off", "the", "area", ".", ""]]}, {"vertexSet": [[{"pos": [1, 2], "type": "None", "sent_id": 0, "name": "Physiotherapy"}], [{"pos": [7, 9], "type": "None", "sent_id": 0, "name": "admission avoidance"}]], "labels": [{"r": "P5", "h": 0, "t": 1, "evidence": [0]}], "title": "580", "sents": [["", "Physiotherapy", "", "was", "focused", "on", "", "admission", "avoidance", "", ",", "", "prevention", "of", "deterioration", "after", "admission", "and", "facilitating", "early", "discharge", ".", ""]]}]